,NSE/RELIANCE,EOD/GS,NSE/MARUTI,EOD/MSFT,NSE/TCS
0,1.0028336148997832,1.0090673595021615,1.0210466848735904,1.0117221263067786,1.015910248419525
